{
  "Profiles": [
    {
      "Guid": "148ce97a-3b3b-4b1a-9b22-2edade98a3db",
      "Name": "Exarus",
      "Normal Font": "JetBrainsMonoNerdFontCompleteM-Regular 16",
      "ASCII Ligatures": true,
      "Mouse Reporting" : true,
      "Ansi 1 Color": {
        "Green Component": 0.22098405659198761,
        "Red Component": 0.9871404767036438,
        "Blue Component": 0.25575384497642517
      },
      "Ansi 2 Color": {
        "Green Component": 0.94388872385025024,
        "Red Component": 0.36202818155288696,
        "Blue Component": 0.62042194604873657
      },
      "Ansi 3 Color": {
        "Green Component": 0.81672251224517822,
        "Red Component": 0.99627053737640381,
        "Blue Component": 0.19727933406829834
      },
      "Ansi 4 Color": {
        "Green Component": 0.7149810791015625,
        "Red Component": 0.215079665184021,
        "Blue Component": 0.99871528148651123
      },
      "Ansi 5 Color": {
        "Green Component": 0.13310989737510681,
        "Red Component": 0.986469566822052,
        "Blue Component": 0.43182668089866638
      },
      "Ansi 6 Color": {
        "Green Component": 1,
        "Red Component": 0.34860008955001831,
        "Blue Component": 0.82062870264053345
      },
      "Ansi 7 Color": {
        "Green Component": 0.99997437000274658,
        "Red Component": 1,
        "Blue Component": 0.99999129772186279
      },
      "Ansi 8 Color": {
        "Green Component": 0.69167852401733398,
        "Red Component": 0.63061976432800293,
        "Blue Component": 0.72321081161499023
      },
      "Ansi 9 Color": {
        "Green Component": 0.45310419797897339,
        "Red Component": 0.98958194255828857,
        "Blue Component": 0.42818409204483032
      },
      "Ansi 10 Color": {
        "Green Component": 0.96712285280227661,
        "Red Component": 0.67800694704055786,
        "Blue Component": 0.74659085273742676
      },
      "Ansi 11 Color": {
        "Green Component": 0.88262283802032471,
        "Red Component": 0.99765938520431519,
        "Blue Component": 0.42511638998985291
      },
      "Ansi 12 Color": {
        "Green Component": 0.81066548824310303,
        "Red Component": 0.43880558013916016,
        "Blue Component": 0.99898606538772583
      },
      "Ansi 13 Color": {
        "Green Component": 0.40164706110954285,
        "Red Component": 0.9887651801109314,
        "Blue Component": 0.60766077041625977
      },
      "Ansi 14 Color": {
        "Green Component": 1,
        "Red Component": 0.60292786359786987,
        "Blue Component": 0.90182536840438843
      },
      "Ansi 15 Color": {
        "Green Component": 0.99997437000274658,
        "Red Component": 1,
        "Blue Component": 0.99999129772186279
      },
      "Background Color": {
        "Green Component": 0.14745020866394043,
        "Red Component": 0.11278382688760757,
        "Blue Component": 0.16608485579490662
      },
      "Badge Color": {
        "Red Component": 1,
        "Color Space": "sRGB",
        "Blue Component": 0,
        "Alpha Component": 0.5,
        "Green Component": 0.14910027384757996
      },
      "Bold Color": {
        "Green Component": 0.91671288013458252,
        "Red Component": 0.91654461622238159,
        "Blue Component": 0.91648769378662109
      },
      "Cursor Color": {
        "Green Component": 0.91671288013458252,
        "Red Component": 0.91654461622238159,
        "Blue Component": 0.91648769378662109
      },
      "Cursor Guide Color": {
        "Red Component": 0.70214027166366577,
        "Color Space": "sRGB",
        "Blue Component": 1,
        "Alpha Component": 0.25,
        "Green Component": 0.92681378126144409
      },
      "Cursor Text Color": {
        "Green Component": 0,
        "Red Component": 0,
        "Blue Component": 0
      },
      "Foreground Color": {
        "Green Component": 0.92142927646636963,
        "Red Component": 0.90730977058410645,
        "Blue Component": 0.93115901947021484
      },
      "Link Color": {
        "Red Component": 0,
        "Color Space": "sRGB",
        "Blue Component": 0.73422712087631226,
        "Alpha Component": 1,
        "Green Component": 0.35915297269821167
      },
      "Selected Text Color": {
        "Green Component": 0.92142927646636963,
        "Red Component": 0.90730977058410645,
        "Blue Component": 0.93115901947021484
      },
      "Selection Color": {
        "Green Component": 0.41462835669517517,
        "Red Component": 0.30659490823745728,
        "Blue Component": 0.47096589207649231
      }
    }
  ]
}
